domainsub1,ga4_sessions
about,61852.0
advocate,12213.0
affiliate,15264.0
affiliate-marketing,283069.0
agency-coaching-program,318.0
agency-partner-program,26209.0
blog,7067.0
business-development,2806.0
case-studies,9605.0
commerce-content,4810.0
creator,35706.0
creator-edit,592.0
customer-referral-marketing,4465.0
customer-success-stories,1762.0
de,6615.0
discover-recruit,6385.0
ebooks,10404.0
events,3121.0
find-influencers,279.0
fr,7743.0
get-started,91777.0
glossary,1401.0
influencer,63803.0
influencer-marketing,38249.0
infographics,1271.0
insights,15398.0
integrated-platform-prices,118149.0
ja,2009.0
kits-worksheets,1555.0
lp,20776.0
manage-engage,840.0
marketing-analysts,1970.0
marketing-intelligence,5150.0
mobile,2857.0
news,6040.0
onesheets,267.0
optimize-insights,819.0
partners,440737.0
partnership-contract-pay,3758.0
partnership-economy,1216.0
partnership-management-platform,49136.0
partnership-track,2530.0
partnerships,20977.0
partnerships-experience,21914.0
partnerships-experience-academy,1579.0
press-releases,2750.0
privacy-policy,25628.0
protect-monitor,1937.0
pxa,1600.0
referral,1019.0
referral-partner-program,25597.0
research-reports,6145.0
saas-partnership-marketing,5839.0
saasquatch,240.0
search,518.0
security-and-privacy,574.0
seller,480.0
services,3690.0
technology-partners,6002.0
the-partnership-ecosystem-ig-pc-ed,222.0
videos,2376.0
warc-research-report,230.0
web-design-system-modules,438.0
